<?xml version="1.0" encoding="UTF-8"?>
<?xml-stylesheet type="text/xsl" href="isokur.xsl"?>
<Tarih_Date Tarih="09.02.2024" Date="02/09/2024"  Bulten_No="2024/29" >
	<Currency CrossOrder="0" Kod="USD" CurrencyCode="USD">
			<Unit>1</Unit>
			<Isim>ABD DOLARI</Isim>
			<CurrencyName>US DOLLAR</CurrencyName>
			<ForexBuying>30.6005</ForexBuying>
			<ForexSelling>30.6556</ForexSelling>
			<BanknoteBuying>30.5791</BanknoteBuying>
			<BanknoteSelling>30.7016</BanknoteSelling>
			<CrossRateUSD/>
			<CrossRateOther/>
		
	</Currency>
	<Currency CrossOrder="1" Kod="AUD" CurrencyCode="AUD">
			<Unit>1</Unit>
			<Isim>AVUSTRALYA DOLARI</Isim>
			<CurrencyName>AUSTRALIAN DOLLAR</CurrencyName>
			<ForexBuying>19.8626</ForexBuying>
			<ForexSelling>19.9921</ForexSelling>
			<BanknoteBuying>19.7712</BanknoteBuying>
			<BanknoteSelling>20.1121</BanknoteSelling>
				<CrossRateUSD>1.5370</CrossRateUSD>
				<CrossRateOther/>
		
	</Currency>
	<Currency CrossOrder="2" Kod="DKK" CurrencyCode="DKK">
			<Unit>1</Unit>
			<Isim>DANİMARKA KRONU</Isim>
			<CurrencyName>DANISH KRONE</CurrencyName>
			<ForexBuying>4.4151</ForexBuying>
			<ForexSelling>4.4368</ForexSelling>
			<BanknoteBuying>4.4120</BanknoteBuying>
			<BanknoteSelling>4.4470</BanknoteSelling>
				<CrossRateUSD>6.9201</CrossRateUSD>
				<CrossRateOther/>
		
	</Currency>
	<Currency CrossOrder="9" Kod="EUR" CurrencyCode="EUR">
			<Unit>1</Unit>
			<Isim>EURO</Isim>
			<CurrencyName>EURO</CurrencyName>
			<ForexBuying>32.9634</ForexBuying>
			<ForexSelling>33.0227</ForexSelling>
			<BanknoteBuying>32.9403</BanknoteBuying>
			<BanknoteSelling>33.0723</BanknoteSelling>
				<CrossRateUSD/>
				<CrossRateOther>1.0772</CrossRateOther>
		
	</Currency>
	<Currency CrossOrder="10" Kod="GBP" CurrencyCode="GBP">
			<Unit>1</Unit>
			<Isim>İNGİLİZ STERLİNİ</Isim>
			<CurrencyName>POUND STERLING</CurrencyName>
			<ForexBuying>38.5389</ForexBuying>
			<ForexSelling>38.7398</ForexSelling>
			<BanknoteBuying>38.5119</BanknoteBuying>
			<BanknoteSelling>38.7979</BanknoteSelling>
				<CrossRateUSD/>
				<CrossRateOther>1.2616</CrossRateOther>
		
	</Currency>
	<Currency CrossOrder="3" Kod="CHF" CurrencyCode="CHF">
			<Unit>1</Unit>
			<Isim>İSVİÇRE FRANGI</Isim>
			<CurrencyName>SWISS FRANK</CurrencyName>
			<ForexBuying>34.8825</ForexBuying>
			<ForexSelling>35.1065</ForexSelling>
			<BanknoteBuying>34.8302</BanknoteBuying>
			<BanknoteSelling>35.1591</BanknoteSelling>
				<CrossRateUSD>0.8752</CrossRateUSD>
				<CrossRateOther/>
		
	</Currency>
	<Currency CrossOrder="4" Kod="SEK" CurrencyCode="SEK">
			<Unit>1</Unit>
			<Isim>İSVEÇ KRONU</Isim>
			<CurrencyName>SWEDISH KRONA</CurrencyName>
			<ForexBuying>2.9091</ForexBuying>
			<ForexSelling>2.9392</ForexSelling>
			<BanknoteBuying>2.9070</BanknoteBuying>
			<BanknoteSelling>2.9459</BanknoteSelling>
				<CrossRateUSD>10.47</CrossRateUSD>
				<CrossRateOther/>
		
	</Currency>
	<Currency CrossOrder="6" Kod="CAD" CurrencyCode="CAD">
			<Unit>1</Unit>
			<Isim>KANADA DOLARI</Isim>
			<CurrencyName>CANADIAN DOLLAR</CurrencyName>
			<ForexBuying>22.7062</ForexBuying>
			<ForexSelling>22.8086</ForexSelling>
			<BanknoteBuying>22.6222</BanknoteBuying>
			<BanknoteSelling>22.8953</BanknoteSelling>
				<CrossRateUSD>1.3459</CrossRateUSD>
				<CrossRateOther/>
		
	</Currency>
	<Currency CrossOrder="11" Kod="KWD" CurrencyCode="KWD">
			<Unit>1</Unit>
			<Isim>KUVEYT DİNARI</Isim>
			<CurrencyName>KUWAITI DINAR</CurrencyName>
			<ForexBuying>98.7996</ForexBuying>
			<ForexSelling>100.0924</ForexSelling>
			<BanknoteBuying>97.3176</BanknoteBuying>
			<BanknoteSelling>101.5938</BanknoteSelling>
				<CrossRateUSD/>
				<CrossRateOther>3.2469</CrossRateOther>
		
	</Currency>
	<Currency CrossOrder="7" Kod="NOK" CurrencyCode="NOK">
			<Unit>1</Unit>
			<Isim>NORVEÇ KRONU</Isim>
			<CurrencyName>NORWEGIAN KRONE</CurrencyName>
			<ForexBuying>2.8804</ForexBuying>
			<ForexSelling>2.8998</ForexSelling>
			<BanknoteBuying>2.8784</BanknoteBuying>
			<BanknoteSelling>2.9065</BanknoteSelling>
				<CrossRateUSD>10.60</CrossRateUSD>
				<CrossRateOther/>
		
	</Currency>
	<Currency CrossOrder="8" Kod="SAR" CurrencyCode="SAR">
			<Unit>1</Unit>
			<Isim>SUUDİ ARABİSTAN RİYALİ</Isim>
			<CurrencyName>SAUDI RIYAL</CurrencyName>
			<ForexBuying>8.1597</ForexBuying>
			<ForexSelling>8.1744</ForexSelling>
			<BanknoteBuying>8.0985</BanknoteBuying>
			<BanknoteSelling>8.2357</BanknoteSelling>
				<CrossRateUSD>3.7502</CrossRateUSD>
				<CrossRateOther/>
		
	</Currency>
	<Currency CrossOrder="5" Kod="JPY" CurrencyCode="JPY">
			<Unit>100</Unit>
			<Isim>JAPON YENİ</Isim>
			<CurrencyName>JAPENESE YEN</CurrencyName>
			<ForexBuying>20.4331</ForexBuying>
			<ForexSelling>20.5684</ForexSelling>
			<BanknoteBuying>20.3574</BanknoteBuying>
			<BanknoteSelling>20.6465</BanknoteSelling>
				<CrossRateUSD>149.40</CrossRateUSD>
				<CrossRateOther/>
		
	</Currency>
	<Currency CrossOrder="12" Kod="BGN" CurrencyCode="BGN">
			<Unit>1</Unit>
			<Isim>BULGAR LEVASI</Isim>
			<CurrencyName>BULGARIAN LEV</CurrencyName>
			<ForexBuying>16.7594</ForexBuying>
			<ForexSelling>16.9787</ForexSelling>
			<BanknoteBuying></BanknoteBuying>
			<BanknoteSelling></BanknoteSelling>
				<CrossRateUSD>1.8156</CrossRateUSD>
				<CrossRateOther/>
		
	</Currency>
	<Currency CrossOrder="13" Kod="RON" CurrencyCode="RON">
			<Unit>1</Unit>
			<Isim>RUMEN LEYİ</Isim>
			<CurrencyName>NEW LEU</CurrencyName>
			<ForexBuying>6.5856</ForexBuying>
			<ForexSelling>6.6718</ForexSelling>
			<BanknoteBuying></BanknoteBuying>
			<BanknoteSelling></BanknoteSelling>
				<CrossRateUSD>4.6205</CrossRateUSD>
				<CrossRateOther/>
		
	</Currency>
	<Currency CrossOrder="14" Kod="RUB" CurrencyCode="RUB">
			<Unit>1</Unit>
			<Isim>RUS RUBLESİ</Isim>
			<CurrencyName>RUSSIAN ROUBLE</CurrencyName>
			<ForexBuying>0.33461</ForexBuying>
			<ForexSelling>0.33899</ForexSelling>
			<BanknoteBuying></BanknoteBuying>
			<BanknoteSelling></BanknoteSelling>
				<CrossRateUSD>90.94</CrossRateUSD>
				<CrossRateOther/>
		
	</Currency>
	<Currency CrossOrder="15" Kod="IRR" CurrencyCode="IRR">
			<Unit>100</Unit>
			<Isim>İRAN RİYALİ</Isim>
			<CurrencyName>IRANIAN RIAL</CurrencyName>
			<ForexBuying>0.07245</ForexBuying>
			<ForexSelling>0.07340</ForexSelling>
			<BanknoteBuying></BanknoteBuying>
			<BanknoteSelling></BanknoteSelling>
				<CrossRateUSD>42000</CrossRateUSD>
				<CrossRateOther/>
		
	</Currency>
	<Currency CrossOrder="16" Kod="CNY" CurrencyCode="CNY">
			<Unit>1</Unit>
			<Isim>ÇİN YUANI</Isim>
			<CurrencyName>CHINESE RENMINBI</CurrencyName>
			<ForexBuying>4.2297</ForexBuying>
			<ForexSelling>4.2851</ForexSelling>
			<BanknoteBuying></BanknoteBuying>
			<BanknoteSelling></BanknoteSelling>
				<CrossRateUSD>7.1940</CrossRateUSD>
				<CrossRateOther/>
		
	</Currency>
	<Currency CrossOrder="17" Kod="PKR" CurrencyCode="PKR">
			<Unit>1</Unit>
			<Isim>PAKİSTAN RUPİSİ</Isim>
			<CurrencyName>PAKISTANI RUPEE</CurrencyName>
			<ForexBuying>0.10979</ForexBuying>
			<ForexSelling>0.11122</ForexSelling>
			<BanknoteBuying></BanknoteBuying>
			<BanknoteSelling></BanknoteSelling>
				<CrossRateUSD>277.17</CrossRateUSD>
				<CrossRateOther/>
		
	</Currency>
	<Currency CrossOrder="18" Kod="QAR" CurrencyCode="QAR">
			<Unit>1</Unit>
			<Isim>KATAR RİYALİ</Isim>
			<CurrencyName>QATARI RIAL</CurrencyName>
			<ForexBuying>8.3446</ForexBuying>
			<ForexSelling>8.4538</ForexSelling>
			<BanknoteBuying></BanknoteBuying>
			<BanknoteSelling></BanknoteSelling>
				<CrossRateUSD>3.6465</CrossRateUSD>
				<CrossRateOther/>
		
	</Currency>
	<Currency CrossOrder="19" Kod="KRW" CurrencyCode="KRW">
			<Unit>1</Unit>
			<Isim>GÜNEY KORE WONU</Isim>
			<CurrencyName>SOUTH KOREAN WON</CurrencyName>
			<ForexBuying>0.02286</ForexBuying>
			<ForexSelling>0.02316</ForexSelling>
			<BanknoteBuying></BanknoteBuying>
			<BanknoteSelling></BanknoteSelling>
				<CrossRateUSD>1331</CrossRateUSD>
				<CrossRateOther/>
		
	</Currency>
	<Currency CrossOrder="20" Kod="AZN" CurrencyCode="AZN">
			<Unit>1</Unit>
			<Isim>AZERBAYCAN YENİ MANATI</Isim>
			<CurrencyName>AZERBAIJANI NEW MANAT</CurrencyName>
			<ForexBuying>17.8994</ForexBuying>
			<ForexSelling>18.1336</ForexSelling>
			<BanknoteBuying></BanknoteBuying>
			<BanknoteSelling></BanknoteSelling>
				<CrossRateUSD>1.7000</CrossRateUSD>
				<CrossRateOther/>
		
	</Currency>
	<Currency CrossOrder="21" Kod="AED" CurrencyCode="AED">
			<Unit>1</Unit>
			<Isim>BİRLEŞİK ARAP EMİRLİKLERİ DİRHEMİ</Isim>
			<CurrencyName>UNITED ARAB EMIRATES DIRHAM</CurrencyName>
			<ForexBuying>8.2848</ForexBuying>
			<ForexSelling>8.3932</ForexSelling>
			<BanknoteBuying></BanknoteBuying>
			<BanknoteSelling></BanknoteSelling>
				<CrossRateUSD>3.6729</CrossRateUSD>
				<CrossRateOther/>
		
	</Currency>
	<Currency CrossOrder="0" Kod="XDR" CurrencyCode="XDR">
		<Unit>1</Unit>
		<Isim>ÖZEL ÇEKME HAKKI (SDR)                            </Isim>
		<CurrencyName>SPECIAL DRAWING RIGHT (SDR)                       </CurrencyName>
		<ForexBuying>40.6022</ForexBuying>
		<ForexSelling/>
		<BanknoteBuying/>
		<BanknoteSelling/>
		<CrossRateUSD/>
		<CrossRateOther>1.32565</CrossRateOther>
	</Currency>
</Tarih_Date>
