<?xml version="1.0" encoding="UTF-8"?>
<?xml-stylesheet type="text/xsl" href="isokur.xsl"?>
<Tarih_Date Tarih="03.01.2024" Date="01/03/2024"  Bulten_No="2024/2" >
	<Currency CrossOrder="0" Kod="USD" CurrencyCode="USD">
			<Unit>1</Unit>
			<Isim>ABD DOLARI</Isim>
			<CurrencyName>US DOLLAR</CurrencyName>
			<ForexBuying>29.7394</ForexBuying>
			<ForexSelling>29.7930</ForexSelling>
			<BanknoteBuying>29.7186</BanknoteBuying>
			<BanknoteSelling>29.8377</BanknoteSelling>
			<CrossRateUSD/>
			<CrossRateOther/>
		
	</Currency>
	<Currency CrossOrder="1" Kod="AUD" CurrencyCode="AUD">
			<Unit>1</Unit>
			<Isim>AVUSTRALYA DOLARI</Isim>
			<CurrencyName>AUSTRALIAN DOLLAR</CurrencyName>
			<ForexBuying>20.0266</ForexBuying>
			<ForexSelling>20.1572</ForexSelling>
			<BanknoteBuying>19.9345</BanknoteBuying>
			<BanknoteSelling>20.2782</BanknoteSelling>
				<CrossRateUSD>1.4815</CrossRateUSD>
				<CrossRateOther/>
		
	</Currency>
	<Currency CrossOrder="2" Kod="DKK" CurrencyCode="DKK">
			<Unit>1</Unit>
			<Isim>DANİMARKA KRONU</Isim>
			<CurrencyName>DANISH KRONE</CurrencyName>
			<ForexBuying>4.3571</ForexBuying>
			<ForexSelling>4.3785</ForexSelling>
			<BanknoteBuying>4.3540</BanknoteBuying>
			<BanknoteSelling>4.3885</BanknoteSelling>
				<CrossRateUSD>6.8150</CrossRateUSD>
				<CrossRateOther/>
		
	</Currency>
	<Currency CrossOrder="9" Kod="EUR" CurrencyCode="EUR">
			<Unit>1</Unit>
			<Isim>EURO</Isim>
			<CurrencyName>EURO</CurrencyName>
			<ForexBuying>32.5431</ForexBuying>
			<ForexSelling>32.6017</ForexSelling>
			<BanknoteBuying>32.5203</BanknoteBuying>
			<BanknoteSelling>32.6506</BanknoteSelling>
				<CrossRateUSD/>
				<CrossRateOther>1.0943</CrossRateOther>
		
	</Currency>
	<Currency CrossOrder="10" Kod="GBP" CurrencyCode="GBP">
			<Unit>1</Unit>
			<Isim>İNGİLİZ STERLİNİ</Isim>
			<CurrencyName>POUND STERLING</CurrencyName>
			<ForexBuying>37.5126</ForexBuying>
			<ForexSelling>37.7081</ForexSelling>
			<BanknoteBuying>37.4863</BanknoteBuying>
			<BanknoteSelling>37.7647</BanknoteSelling>
				<CrossRateUSD/>
				<CrossRateOther>1.2635</CrossRateOther>
		
	</Currency>
	<Currency CrossOrder="3" Kod="CHF" CurrencyCode="CHF">
			<Unit>1</Unit>
			<Isim>İSVİÇRE FRANGI</Isim>
			<CurrencyName>SWISS FRANK</CurrencyName>
			<ForexBuying>34.8384</ForexBuying>
			<ForexSelling>35.0620</ForexSelling>
			<BanknoteBuying>34.7861</BanknoteBuying>
			<BanknoteSelling>35.1146</BanknoteSelling>
				<CrossRateUSD>0.8517</CrossRateUSD>
				<CrossRateOther/>
		
	</Currency>
	<Currency CrossOrder="4" Kod="SEK" CurrencyCode="SEK">
			<Unit>1</Unit>
			<Isim>İSVEÇ KRONU</Isim>
			<CurrencyName>SWEDISH KRONA</CurrencyName>
			<ForexBuying>2.8987</ForexBuying>
			<ForexSelling>2.9287</ForexSelling>
			<BanknoteBuying>2.8967</BanknoteBuying>
			<BanknoteSelling>2.9355</BanknoteSelling>
				<CrossRateUSD>10.22</CrossRateUSD>
				<CrossRateOther/>
		
	</Currency>
	<Currency CrossOrder="6" Kod="CAD" CurrencyCode="CAD">
			<Unit>1</Unit>
			<Isim>KANADA DOLARI</Isim>
			<CurrencyName>CANADIAN DOLLAR</CurrencyName>
			<ForexBuying>22.2799</ForexBuying>
			<ForexSelling>22.3803</ForexSelling>
			<BanknoteBuying>22.1974</BanknoteBuying>
			<BanknoteSelling>22.4654</BanknoteSelling>
				<CrossRateUSD>1.3330</CrossRateUSD>
				<CrossRateOther/>
		
	</Currency>
	<Currency CrossOrder="11" Kod="KWD" CurrencyCode="KWD">
			<Unit>1</Unit>
			<Isim>KUVEYT DİNARI</Isim>
			<CurrencyName>KUWAITI DINAR</CurrencyName>
			<ForexBuying>96.1467</ForexBuying>
			<ForexSelling>97.4048</ForexSelling>
			<BanknoteBuying>94.7045</BanknoteBuying>
			<BanknoteSelling>98.8659</BanknoteSelling>
				<CrossRateUSD/>
				<CrossRateOther>3.2512</CrossRateOther>
		
	</Currency>
	<Currency CrossOrder="7" Kod="NOK" CurrencyCode="NOK">
			<Unit>1</Unit>
			<Isim>NORVEÇ KRONU</Isim>
			<CurrencyName>NORWEGIAN KRONE</CurrencyName>
			<ForexBuying>2.8621</ForexBuying>
			<ForexSelling>2.8814</ForexSelling>
			<BanknoteBuying>2.8601</BanknoteBuying>
			<BanknoteSelling>2.8880</BanknoteSelling>
				<CrossRateUSD>10.37</CrossRateUSD>
				<CrossRateOther/>
		
	</Currency>
	<Currency CrossOrder="8" Kod="SAR" CurrencyCode="SAR">
			<Unit>1</Unit>
			<Isim>SUUDİ ARABİSTAN RİYALİ</Isim>
			<CurrencyName>SAUDI RIYAL</CurrencyName>
			<ForexBuying>7.9299</ForexBuying>
			<ForexSelling>7.9442</ForexSelling>
			<BanknoteBuying>7.8704</BanknoteBuying>
			<BanknoteSelling>8.0038</BanknoteSelling>
				<CrossRateUSD>3.7503</CrossRateUSD>
				<CrossRateOther/>
		
	</Currency>
	<Currency CrossOrder="5" Kod="JPY" CurrencyCode="JPY">
			<Unit>100</Unit>
			<Isim>JAPON YENİ</Isim>
			<CurrencyName>JAPENESE YEN</CurrencyName>
			<ForexBuying>20.8118</ForexBuying>
			<ForexSelling>20.9497</ForexSelling>
			<BanknoteBuying>20.7348</BanknoteBuying>
			<BanknoteSelling>21.0293</BanknoteSelling>
				<CrossRateUSD>142.55</CrossRateUSD>
				<CrossRateOther/>
		
	</Currency>
	<Currency CrossOrder="12" Kod="BGN" CurrencyCode="BGN">
			<Unit>1</Unit>
			<Isim>BULGAR LEVASI</Isim>
			<CurrencyName>BULGARIAN LEV</CurrencyName>
			<ForexBuying>16.5456</ForexBuying>
			<ForexSelling>16.7621</ForexSelling>
			<BanknoteBuying></BanknoteBuying>
			<BanknoteSelling></BanknoteSelling>
				<CrossRateUSD>1.7874</CrossRateUSD>
				<CrossRateOther/>
		
	</Currency>
	<Currency CrossOrder="13" Kod="RON" CurrencyCode="RON">
			<Unit>1</Unit>
			<Isim>RUMEN LEYİ</Isim>
			<CurrencyName>NEW LEU</CurrencyName>
			<ForexBuying>6.5079</ForexBuying>
			<ForexSelling>6.5930</ForexSelling>
			<BanknoteBuying></BanknoteBuying>
			<BanknoteSelling></BanknoteSelling>
				<CrossRateUSD>4.5442</CrossRateUSD>
				<CrossRateOther/>
		
	</Currency>
	<Currency CrossOrder="14" Kod="RUB" CurrencyCode="RUB">
			<Unit>1</Unit>
			<Isim>RUS RUBLESİ</Isim>
			<CurrencyName>RUSSIAN ROUBLE</CurrencyName>
			<ForexBuying>0.32361</ForexBuying>
			<ForexSelling>0.32784</ForexSelling>
			<BanknoteBuying></BanknoteBuying>
			<BanknoteSelling></BanknoteSelling>
				<CrossRateUSD>91.38</CrossRateUSD>
				<CrossRateOther/>
		
	</Currency>
	<Currency CrossOrder="15" Kod="IRR" CurrencyCode="IRR">
			<Unit>100</Unit>
			<Isim>İRAN RİYALİ</Isim>
			<CurrencyName>IRANIAN RIAL</CurrencyName>
			<ForexBuying>0.07041</ForexBuying>
			<ForexSelling>0.07133</ForexSelling>
			<BanknoteBuying></BanknoteBuying>
			<BanknoteSelling></BanknoteSelling>
				<CrossRateUSD>42000</CrossRateUSD>
				<CrossRateOther/>
		
	</Currency>
	<Currency CrossOrder="16" Kod="CNY" CurrencyCode="CNY">
			<Unit>1</Unit>
			<Isim>ÇİN YUANI</Isim>
			<CurrencyName>CHINESE RENMINBI</CurrencyName>
			<ForexBuying>4.1389</ForexBuying>
			<ForexSelling>4.1931</ForexSelling>
			<BanknoteBuying></BanknoteBuying>
			<BanknoteSelling></BanknoteSelling>
				<CrossRateUSD>7.1450</CrossRateUSD>
				<CrossRateOther/>
		
	</Currency>
	<Currency CrossOrder="17" Kod="PKR" CurrencyCode="PKR">
			<Unit>1</Unit>
			<Isim>PAKİSTAN RUPİSİ</Isim>
			<CurrencyName>PAKISTANI RUPEE</CurrencyName>
			<ForexBuying>0.10495</ForexBuying>
			<ForexSelling>0.10633</ForexSelling>
			<BanknoteBuying></BanknoteBuying>
			<BanknoteSelling></BanknoteSelling>
				<CrossRateUSD>281.77</CrossRateUSD>
				<CrossRateOther/>
		
	</Currency>
	<Currency CrossOrder="18" Kod="QAR" CurrencyCode="QAR">
			<Unit>1</Unit>
			<Isim>KATAR RİYALİ</Isim>
			<CurrencyName>QATARI RIAL</CurrencyName>
			<ForexBuying>8.1132</ForexBuying>
			<ForexSelling>8.2194</ForexSelling>
			<BanknoteBuying></BanknoteBuying>
			<BanknoteSelling></BanknoteSelling>
				<CrossRateUSD>3.6450</CrossRateUSD>
				<CrossRateOther/>
		
	</Currency>
	<Currency CrossOrder="19" Kod="KRW" CurrencyCode="KRW">
			<Unit>1</Unit>
			<Isim>GÜNEY KORE WONU</Isim>
			<CurrencyName>SOUTH KOREAN WON</CurrencyName>
			<ForexBuying>0.02260</ForexBuying>
			<ForexSelling>0.02290</ForexSelling>
			<BanknoteBuying></BanknoteBuying>
			<BanknoteSelling></BanknoteSelling>
				<CrossRateUSD>1308</CrossRateUSD>
				<CrossRateOther/>
		
	</Currency>
	<Currency CrossOrder="20" Kod="AZN" CurrencyCode="AZN">
			<Unit>1</Unit>
			<Isim>AZERBAYCAN YENİ MANATI</Isim>
			<CurrencyName>AZERBAIJANI NEW MANAT</CurrencyName>
			<ForexBuying>17.3957</ForexBuying>
			<ForexSelling>17.6233</ForexSelling>
			<BanknoteBuying></BanknoteBuying>
			<BanknoteSelling></BanknoteSelling>
				<CrossRateUSD>1.7000</CrossRateUSD>
				<CrossRateOther/>
		
	</Currency>
	<Currency CrossOrder="21" Kod="AED" CurrencyCode="AED">
			<Unit>1</Unit>
			<Isim>BİRLEŞİK ARAP EMİRLİKLERİ DİRHEMİ</Isim>
			<CurrencyName>UNITED ARAB EMIRATES DIRHAM</CurrencyName>
			<ForexBuying>8.0519</ForexBuying>
			<ForexSelling>8.1573</ForexSelling>
			<BanknoteBuying></BanknoteBuying>
			<BanknoteSelling></BanknoteSelling>
				<CrossRateUSD>3.6728</CrossRateUSD>
				<CrossRateOther/>
		
	</Currency>
	<Currency CrossOrder="0" Kod="XDR" CurrencyCode="XDR">
		<Unit>1</Unit>
		<Isim>ÖZEL ÇEKME HAKKI (SDR)                            </Isim>
		<CurrencyName>SPECIAL DRAWING RIGHT (SDR)                       </CurrencyName>
		<ForexBuying>39.8141</ForexBuying>
		<ForexSelling/>
		<BanknoteBuying/>
		<BanknoteSelling/>
		<CrossRateUSD/>
		<CrossRateOther>1.33756</CrossRateOther>
	</Currency>
</Tarih_Date>
