<?xml version="1.0" encoding="UTF-8"?>
<?xml-stylesheet type="text/xsl" href="isokur.xsl"?>
<Tarih_Date Tarih="09.02.2023" Date="02/09/2023"  Bulten_No="2023/29" >
	<Currency CrossOrder="0" Kod="USD" CurrencyCode="USD">
			<Unit>1</Unit>
			<Isim>ABD DOLARI</Isim>
			<CurrencyName>US DOLLAR</CurrencyName>
			<ForexBuying>18.8109</ForexBuying>
			<ForexSelling>18.8448</ForexSelling>
			<BanknoteBuying>18.7977</BanknoteBuying>
			<BanknoteSelling>18.8730</BanknoteSelling>
			<CrossRateUSD/>
			<CrossRateOther/>
		
	</Currency>
	<Currency CrossOrder="1" Kod="AUD" CurrencyCode="AUD">
			<Unit>1</Unit>
			<Isim>AVUSTRALYA DOLARI</Isim>
			<CurrencyName>AUSTRALIAN DOLLAR</CurrencyName>
			<ForexBuying>13.0852</ForexBuying>
			<ForexSelling>13.1705</ForexSelling>
			<BanknoteBuying>13.0250</BanknoteBuying>
			<BanknoteSelling>13.2495</BanknoteSelling>
				<CrossRateUSD>1.4342</CrossRateUSD>
				<CrossRateOther/>
		
	</Currency>
	<Currency CrossOrder="2" Kod="DKK" CurrencyCode="DKK">
			<Unit>1</Unit>
			<Isim>DANİMARKA KRONU</Isim>
			<CurrencyName>DANISH KRONE</CurrencyName>
			<ForexBuying>2.7145</ForexBuying>
			<ForexSelling>2.7279</ForexSelling>
			<BanknoteBuying>2.7126</BanknoteBuying>
			<BanknoteSelling>2.7342</BanknoteSelling>
				<CrossRateUSD>6.9189</CrossRateUSD>
				<CrossRateOther/>
		
	</Currency>
	<Currency CrossOrder="9" Kod="EUR" CurrencyCode="EUR">
			<Unit>1</Unit>
			<Isim>EURO</Isim>
			<CurrencyName>EURO</CurrencyName>
			<ForexBuying>20.2313</ForexBuying>
			<ForexSelling>20.2677</ForexSelling>
			<BanknoteBuying>20.2171</BanknoteBuying>
			<BanknoteSelling>20.2981</BanknoteSelling>
				<CrossRateUSD/>
				<CrossRateOther>1.0755</CrossRateOther>
		
	</Currency>
	<Currency CrossOrder="10" Kod="GBP" CurrencyCode="GBP">
			<Unit>1</Unit>
			<Isim>İNGİLİZ STERLİNİ</Isim>
			<CurrencyName>POUND STERLING</CurrencyName>
			<ForexBuying>22.7719</ForexBuying>
			<ForexSelling>22.8906</ForexSelling>
			<BanknoteBuying>22.7559</BanknoteBuying>
			<BanknoteSelling>22.9249</BanknoteSelling>
				<CrossRateUSD/>
				<CrossRateOther>1.2126</CrossRateOther>
		
	</Currency>
	<Currency CrossOrder="3" Kod="CHF" CurrencyCode="CHF">
			<Unit>1</Unit>
			<Isim>İSVİÇRE FRANGI</Isim>
			<CurrencyName>SWISS FRANK</CurrencyName>
			<ForexBuying>20.4269</ForexBuying>
			<ForexSelling>20.5581</ForexSelling>
			<BanknoteBuying>20.3963</BanknoteBuying>
			<BanknoteSelling>20.5889</BanknoteSelling>
				<CrossRateUSD>0.9188</CrossRateUSD>
				<CrossRateOther/>
		
	</Currency>
	<Currency CrossOrder="4" Kod="SEK" CurrencyCode="SEK">
			<Unit>1</Unit>
			<Isim>İSVEÇ KRONU</Isim>
			<CurrencyName>SWEDISH KRONA</CurrencyName>
			<ForexBuying>1.7927</ForexBuying>
			<ForexSelling>1.8112</ForexSelling>
			<BanknoteBuying>1.7914</BanknoteBuying>
			<BanknoteSelling>1.8154</BanknoteSelling>
				<CrossRateUSD>10.45</CrossRateUSD>
				<CrossRateOther/>
		
	</Currency>
	<Currency CrossOrder="6" Kod="CAD" CurrencyCode="CAD">
			<Unit>1</Unit>
			<Isim>KANADA DOLARI</Isim>
			<CurrencyName>CANADIAN DOLLAR</CurrencyName>
			<ForexBuying>14.0075</ForexBuying>
			<ForexSelling>14.0707</ForexSelling>
			<BanknoteBuying>13.9557</BanknoteBuying>
			<BanknoteSelling>14.1241</BanknoteSelling>
				<CrossRateUSD>1.3411</CrossRateUSD>
				<CrossRateOther/>
		
	</Currency>
	<Currency CrossOrder="11" Kod="KWD" CurrencyCode="KWD">
			<Unit>1</Unit>
			<Isim>KUVEYT DİNARI</Isim>
			<CurrencyName>KUWAITI DINAR</CurrencyName>
			<ForexBuying>61.1999</ForexBuying>
			<ForexSelling>62.0007</ForexSelling>
			<BanknoteBuying>60.2819</BanknoteBuying>
			<BanknoteSelling>62.9307</BanknoteSelling>
				<CrossRateUSD/>
				<CrossRateOther>3.2718</CrossRateOther>
		
	</Currency>
	<Currency CrossOrder="7" Kod="NOK" CurrencyCode="NOK">
			<Unit>1</Unit>
			<Isim>NORVEÇ KRONU</Isim>
			<CurrencyName>NORWEGIAN KRONE</CurrencyName>
			<ForexBuying>1.8411</ForexBuying>
			<ForexSelling>1.8535</ForexSelling>
			<BanknoteBuying>1.8398</BanknoteBuying>
			<BanknoteSelling>1.8578</BanknoteSelling>
				<CrossRateUSD>10.19</CrossRateUSD>
				<CrossRateOther/>
		
	</Currency>
	<Currency CrossOrder="8" Kod="SAR" CurrencyCode="SAR">
			<Unit>1</Unit>
			<Isim>SUUDİ ARABİSTAN RİYALİ</Isim>
			<CurrencyName>SAUDI RIYAL</CurrencyName>
			<ForexBuying>5.0128</ForexBuying>
			<ForexSelling>5.0218</ForexSelling>
			<BanknoteBuying>4.9752</BanknoteBuying>
			<BanknoteSelling>5.0595</BanknoteSelling>
				<CrossRateUSD>3.7526</CrossRateUSD>
				<CrossRateOther/>
		
	</Currency>
	<Currency CrossOrder="5" Kod="JPY" CurrencyCode="JPY">
			<Unit>100</Unit>
			<Isim>JAPON YENİ</Isim>
			<CurrencyName>JAPENESE YEN</CurrencyName>
			<ForexBuying>14.3249</ForexBuying>
			<ForexSelling>14.4197</ForexSelling>
			<BanknoteBuying>14.2719</BanknoteBuying>
			<BanknoteSelling>14.4745</BanknoteSelling>
				<CrossRateUSD>131.00</CrossRateUSD>
				<CrossRateOther/>
		
	</Currency>
	<Currency CrossOrder="12" Kod="BGN" CurrencyCode="BGN">
			<Unit>1</Unit>
			<Isim>BULGAR LEVASI</Isim>
			<CurrencyName>BULGARIAN LEV</CurrencyName>
			<ForexBuying>10.2863</ForexBuying>
			<ForexSelling>10.4209</ForexSelling>
			<BanknoteBuying></BanknoteBuying>
			<BanknoteSelling></BanknoteSelling>
				<CrossRateUSD>1.8185</CrossRateUSD>
				<CrossRateOther/>
		
	</Currency>
	<Currency CrossOrder="13" Kod="RON" CurrencyCode="RON">
			<Unit>1</Unit>
			<Isim>RUMEN LEYİ</Isim>
			<CurrencyName>NEW LEU</CurrencyName>
			<ForexBuying>4.1125</ForexBuying>
			<ForexSelling>4.1663</ForexSelling>
			<BanknoteBuying></BanknoteBuying>
			<BanknoteSelling></BanknoteSelling>
				<CrossRateUSD>4.5485</CrossRateUSD>
				<CrossRateOther/>
		
	</Currency>
	<Currency CrossOrder="14" Kod="RUB" CurrencyCode="RUB">
			<Unit>1</Unit>
			<Isim>RUS RUBLESİ</Isim>
			<CurrencyName>RUSSIAN ROUBLE</CurrencyName>
			<ForexBuying>0.25676</ForexBuying>
			<ForexSelling>0.26012</ForexSelling>
			<BanknoteBuying></BanknoteBuying>
			<BanknoteSelling></BanknoteSelling>
				<CrossRateUSD>72.85</CrossRateUSD>
				<CrossRateOther/>
		
	</Currency>
	<Currency CrossOrder="15" Kod="IRR" CurrencyCode="IRR">
			<Unit>100</Unit>
			<Isim>İRAN RİYALİ</Isim>
			<CurrencyName>IRANIAN RIAL</CurrencyName>
			<ForexBuying>0.04454</ForexBuying>
			<ForexSelling>0.04512</ForexSelling>
			<BanknoteBuying></BanknoteBuying>
			<BanknoteSelling></BanknoteSelling>
				<CrossRateUSD>42000</CrossRateUSD>
				<CrossRateOther/>
		
	</Currency>
	<Currency CrossOrder="16" Kod="CNY" CurrencyCode="CNY">
			<Unit>1</Unit>
			<Isim>ÇİN YUANI</Isim>
			<CurrencyName>CHINESE RENMINBI</CurrencyName>
			<ForexBuying>2.7587</ForexBuying>
			<ForexSelling>2.7948</ForexSelling>
			<BanknoteBuying></BanknoteBuying>
			<BanknoteSelling></BanknoteSelling>
				<CrossRateUSD>6.7806</CrossRateUSD>
				<CrossRateOther/>
		
	</Currency>
	<Currency CrossOrder="17" Kod="PKR" CurrencyCode="PKR">
			<Unit>1</Unit>
			<Isim>PAKİSTAN RUPİSİ</Isim>
			<CurrencyName>PAKISTANI RUPEE</CurrencyName>
			<ForexBuying>0.06927</ForexBuying>
			<ForexSelling>0.07018</ForexSelling>
			<BanknoteBuying></BanknoteBuying>
			<BanknoteSelling></BanknoteSelling>
				<CrossRateUSD>270.04</CrossRateUSD>
				<CrossRateOther/>
		
	</Currency>
	<Currency CrossOrder="18" Kod="QAR" CurrencyCode="QAR">
			<Unit>1</Unit>
			<Isim>KATAR RİYALİ</Isim>
			<CurrencyName>QATARI RIAL</CurrencyName>
			<ForexBuying>5.1262</ForexBuying>
			<ForexSelling>5.1933</ForexSelling>
			<BanknoteBuying></BanknoteBuying>
			<BanknoteSelling></BanknoteSelling>
				<CrossRateUSD>3.6490</CrossRateUSD>
				<CrossRateOther/>
		
	</Currency>
	<Currency CrossOrder="19" Kod="KRW" CurrencyCode="KRW">
			<Unit>1</Unit>
			<Isim>GÜNEY KORE WONU</Isim>
			<CurrencyName>SOUTH KOREAN WON</CurrencyName>
			<ForexBuying>0.01486</ForexBuying>
			<ForexSelling>0.01505</ForexSelling>
			<BanknoteBuying></BanknoteBuying>
			<BanknoteSelling></BanknoteSelling>
				<CrossRateUSD>1259</CrossRateUSD>
				<CrossRateOther/>
		
	</Currency>
	<Currency CrossOrder="20" Kod="AZN" CurrencyCode="AZN">
			<Unit>1</Unit>
			<Isim>AZERBAYCAN YENİ MANATI</Isim>
			<CurrencyName>AZERBAIJANI NEW MANAT</CurrencyName>
			<ForexBuying>11.0032</ForexBuying>
			<ForexSelling>11.1472</ForexSelling>
			<BanknoteBuying></BanknoteBuying>
			<BanknoteSelling></BanknoteSelling>
				<CrossRateUSD>1.7000</CrossRateUSD>
				<CrossRateOther/>
		
	</Currency>
	<Currency CrossOrder="21" Kod="AED" CurrencyCode="AED">
			<Unit>1</Unit>
			<Isim>BİRLEŞİK ARAP EMİRLİKLERİ DİRHEMİ</Isim>
			<CurrencyName>UNITED ARAB EMIRATES DIRHAM</CurrencyName>
			<ForexBuying>5.0926</ForexBuying>
			<ForexSelling>5.1592</ForexSelling>
			<BanknoteBuying></BanknoteBuying>
			<BanknoteSelling></BanknoteSelling>
				<CrossRateUSD>3.6731</CrossRateUSD>
				<CrossRateOther/>
		
	</Currency>
	<Currency CrossOrder="0" Kod="XDR" CurrencyCode="XDR">
		<Unit>1</Unit>
		<Isim>ÖZEL ÇEKME HAKKI (SDR)                            </Isim>
		<CurrencyName>SPECIAL DRAWING RIGHT (SDR)                       </CurrencyName>
		<ForexBuying>25.2862</ForexBuying>
		<ForexSelling/>
		<BanknoteBuying/>
		<BanknoteSelling/>
		<CrossRateUSD/>
		<CrossRateOther>1.34302</CrossRateOther>
	</Currency>
</Tarih_Date>
